position_x,position_y,position_z,bo_mu,bo_std
-6.079591529171649,14.001002116072097,6.970604127004408,-38.27589245198624,4.202662635149658
0.6679195755274674,10.369764804842786,0.7687321610171454,-38.27589245252114,4.202662635149658
-3.445322718486138,6.198276130463038,8.646204316912835,-38.27589245365125,4.202662635149658
-4.253840001379688,10.412939375115972,8.667671317342009,-38.27589245252111,4.202662635149658
1.284482341860012,10.707576606915689,0.868158927167507,-38.27589245252111,4.202662635149658
